customer_id,customer_name,customer_email,customer_age,annual_income,credit_score,country,city
ab5b931a-967a-46df-8759-f79575c5f767,Heather Lucero,thompsonerin@example.org,41,186075.15,624,CD,Hannahmouth
977334f8-5210-4c72-ab3d-e6099a2f4515,Douglas Martinez,uthompson@example.com,69,212478.88,369,UG,Port Nathan
deb05c6f-15d4-43dc-8d94-db9f74b78cd1,Carol Young,john93@example.net,19,216015.13,572,IQ,North Alexander
1b0c8afc-773f-47be-a8c9-a06c7bb55e9d,Nichole Ward,dawsondylan@example.com,38,24254.26,422,ZA,Aaronberg
bc7ee260-69f5-4715-a629-1ccc2adbcdf1,Thomas Leonard,jameshale@example.com,63,325091.71,581,CH,West Leslieland
d9f63457-0dd8-4801-a416-03f82bcf914f,Matthew Brown,carl30@example.net,50,285674.04,480,NG,East Christophermouth
c9504590-ddf2-492b-b29b-82b11ce93270,Keith Richardson,qjones@example.net,68,320047.58,302,QA,Craigton
e3698b60-93ba-4975-9c3c-511cf5e81f2c,Robert Adams,amandawhite@example.com,70,55242.59,555,PS,Rodriguezhaven
6dfdedf7-2306-47ae-bf12-83717a10540b,Scott Montes,gregorymoore@example.com,69,342086.19,609,GW,Ericafurt
4b905c27-0e32-437a-a9bf-e3101d94cdba,Brandon Kim,zpotter@example.net,45,472291.16,694,BJ,Parkerfurt
92d866df-9e85-48a9-ab86-1a60f011696a,Henry Barnes,robert38@example.org,73,423397.84,646,DZ,Port Patriciaberg
cb9f5d4e-c7dd-4ef1-a29b-669833c08c8c,Michael Peters,becky43@example.org,73,183974.84,448,GM,Aguilarside
754f9519-75ae-4eaa-81cf-cd98b58580ee,Candace Marks,adam34@example.com,70,415985.02,684,KP,Gordonchester
1cb38768-960e-4152-8838-1b4f77c428ca,Jennifer Smith,rebecca84@example.net,56,116836.86,436,FR,Martinezport
19346bd1-786f-4a39-88cf-77b8d633add1,Julie Anderson,fjarvis@example.org,46,76819.75,479,BZ,North Courtney
b5db342e-223b-4424-bce1-e554cbc35025,Austin Murphy,benjamin28@example.com,44,463571.58,618,YE,Davidtown
0542628e-999b-4730-9a86-d8b664b561a6,Lisa Young,ashley74@example.org,74,128842.56,648,UZ,Williamsborough
b49cfe1e-274b-424a-b216-f33c0560758c,Daniel Scott,hannahparker@example.net,42,201142.55,501,NO,New Dominiqueshire
86131572-62cb-45cb-a17d-46e1fa995013,Jennifer Douglas,rogersjenna@example.net,56,308482.43,633,SC,East Kimberly
6941723b-72cd-4084-bc3a-b063fc20f347,Alexander Burns,rpetersen@example.org,18,135207.6,639,FR,Pattersonberg
adcd450e-e453-45b3-8c2e-46acddd49152,Philip Brock,estradamorgan@example.org,73,364119.49,819,OM,Lake Scottside
48c1adf3-fc46-4c66-8770-8b20d0d06c4a,Sheryl May,rmaynard@example.net,57,359154.34,447,TW,Lake Karenborough
1d4fe686-946f-4240-b8fd-a53caa2a896d,Tammy Brown,ymartin@example.com,29,308177.29,604,BO,Lake Andreachester
13dda934-52d1-440b-b252-00bbf7f39a1f,Angel Chambers,woodskaren@example.com,35,280120.48,524,EC,Marybury
2a016a55-d61d-49fb-87be-e92893563239,Deborah Brown,nataliesmith@example.com,38,273884.09,822,SG,Griffithshire
ba111c30-ed6a-4009-8d58-470df26f9c77,Denise Browning,thomascarroll@example.net,40,253682.99,442,SE,East Chelseystad
c6fb1157-19a8-4c2d-a629-3253e3a5956e,Scott Jones,alexayork@example.net,71,299879.61,648,PA,West Carolynborough
022aef47-14c9-473d-8f0d-3a69549f544b,Ryan Wilkerson,michael28@example.net,74,327861.58,460,US,East Trevorville
e33a4e5d-3d27-470a-8e18-1bf82ad9388b,Mr. Shane Sharp MD,justinsmith@example.net,68,316367.86,821,JO,Duranchester
2fed7792-70b2-4da1-aa6e-18f479928d48,Mary Hernandez,melissapowell@example.org,44,405885.75,658,MU,Mariahmouth
99550891-e099-4902-8405-22856b7b47d3,Mark Robertson,daviesandrea@example.com,36,347219.16,591,CA,South Lauraland
f39204e2-bfa2-4284-a430-013042c7ed25,Emily Graham,omcdaniel@example.com,50,357663.09,637,MM,South Angelaland
8dba0d5b-a3ae-4114-97dc-aa177ba3995d,Sherry Campbell,corey83@example.net,39,465172.31,359,IQ,New Gregoryville
7e0404ac-fc09-4f64-9185-3a9957a7a087,Brian Blair,rebecca41@example.net,54,135000.37,628,LB,Allisonside
f5c6741f-840e-4c15-b967-bfe0a1da65cb,Kristina Miller,dylanbooth@example.com,71,220060.06,592,MT,Lake Destiny
1eb8bdb5-7390-4c50-8181-082b44f555a0,Lisa Harrell,jennifer09@example.org,21,76330.21,760,BE,Lake Anthony
6073b2a1-0764-4b6b-9fe5-0b779c1d904f,Sherri Carter,warrenhailey@example.org,24,103732.93,555,MU,South Judith
a2e12241-6bb5-4042-9d3a-186f05e24ef9,Jason Walton,mariacasey@example.org,63,409424.48,483,UZ,Hobbsborough
671c983c-8f44-4bc8-9f4f-7afa59c6cc80,Jacob Gardner,rebecca17@example.net,66,357030.02,547,MK,New Cindyport
56455905-8ce3-410e-9c71-5c37873f9a82,Joan Beard,amandahayes@example.org,25,88538.42,624,NR,Diazshire
05b4e8b5-e3cc-4ded-bb91-54e60f2fab38,Robert Wallace,michaelsmith@example.com,53,222926.2,735,LV,Port Justin
d34b329f-f117-4034-aabf-bcf817c933ad,Gregory Bright,mistysmith@example.net,38,331890.9,832,PH,New David
0c76a2af-e255-4478-91ad-cfa8c07133df,Monica Booker,allison52@example.com,44,345044.34,330,LB,Lake Christopher
c911d031-0f30-4f2c-a8f3-fa5bf0563807,Bryan Hurley,stricklandchristina@example.org,35,79629.54,799,LC,Conniebury
85c35ccc-ac19-4c93-9552-fd2c1d56b4ce,Juan Bender,christopherdavid@example.net,57,209437.49,646,CM,Johnfort
ea5ae8f7-0b23-46e9-89c0-aecf81579f85,Charles Frank,woodtimothy@example.net,21,411337.17,778,OM,Port Kristinshire
97802eaf-6429-46ed-9990-beede8502db4,Samuel Davis,patriciawalker@example.com,28,451671.38,690,ME,South Josephmouth
780f9a0d-9c7e-4779-8361-01fac504c1e7,Michael Harris,alexanderrose@example.org,48,313372.24,738,CU,East Virginiaborough
01460972-f402-4296-a0b8-3d22cf94ce36,Jose Walker,jonesryan@example.org,67,179665.54,311,DK,Mooreberg
713c10be-6a80-4ff3-9e81-bd859e0123d8,Jessica Hanson,patricia10@example.net,45,247843.56,384,PG,Robertshire
6a2f56c6-c8c2-47d4-a5f6-b56496c557b7,Steven Miller,carrelizabeth@example.org,57,96560.17,477,AE,Justinside
7942249b-c248-43c9-b70f-7be6e92dfe10,James Dillon,lee36@example.org,63,390661.51,463,DM,Port Nicholas
a74c190c-4317-4c9e-a43b-1705f4177e17,Aaron Watts,anthony94@example.org,28,304158.89,797,ET,Andersonville
6e87594f-0049-4c8a-9879-a6625782e3ee,John Abbott,james71@example.net,25,233845.71,552,ZA,Laurieberg
6525b6db-5060-47ab-b345-e874145bb534,Amanda Cook,jacksondonald@example.com,62,494699.08,615,TD,New Sean
223a3e6f-7b90-4fb4-9eba-ee37ff1e43ea,Robin Murphy,feliciafuller@example.com,36,128518.94,817,FM,East Charlesport
65b34bd0-e55c-42e4-bbfc-0d99b63aab5f,Mary Parker,atkinsonbrooke@example.com,63,82805.39,413,GQ,West Kyleberg
497d7936-ead7-455c-88bc-fd76ea0e2158,William Hunt,daniellemartin@example.com,23,238427.14,401,LS,Kevinport
12383d3a-26eb-4c23-835f-383f46bb31bf,Andres Watson,tarajones@example.org,24,442421.96,606,TZ,Dillonburgh
3e4c410b-3021-414c-a92d-4a151eb77972,Robert Miller,ericrojas@example.com,59,36027.1,806,JP,Sandersburgh
1cc956f0-4602-4f88-b3af-0aa1ed5fee01,Barry Johnson,astrong@example.net,61,479770.53,361,RS,Charleston
e425d108-be2a-4f63-b7e9-3095e911cbeb,Jeremy Hamilton,gardnerjennifer@example.net,56,381580.51,809,WS,Port Jamesburgh
7508b09b-cd75-4cb2-926f-78787cfca14f,Richard Weaver,castrobryan@example.com,53,441117.35,735,MZ,Morenotown
8efee941-1a8b-4c97-b627-9ad5305a083b,Melinda Edwards,hendersonrebecca@example.net,68,439661.58,813,GA,East Juanview
855484b0-4f50-4c31-aced-f72b1caedd02,Tina Johnson,rwilliams@example.net,44,284753.16,736,SZ,Kevinview
3ebc099a-82f1-4459-8600-da8e1855f4f8,Timothy Herrera,claytonwilliams@example.org,44,434165.94,670,VC,New Erintown
60721188-5ead-4600-b041-116c6f9d76dd,Stacey Gallegos,heather86@example.org,30,164814.59,725,TM,Ronaldfort
8b87ac0f-bde5-4fec-a52d-86d100cbd294,Chelsea Arias,jkirby@example.org,21,127096.06,503,GT,Dorisside
019e7ad0-1b14-44c4-b570-874eba91e6dc,Gabriella Bentley,melissa55@example.net,69,118577.6,504,KP,Amyberg
d9f9882f-7718-4f7f-b8b8-8d9d6ad9e95c,Michael Nelson,mgolden@example.com,73,365027.51,714,GE,Weaverberg
75c34bc8-4cc7-47ad-82ba-7a12a4d51675,Dr. Austin Mays,sjones@example.org,73,105055.27,659,DM,Lake Michelle
a3637e47-ecb8-456c-ba4a-5d659888de08,Angela Martin,sheri85@example.org,22,409460.34,304,BW,West Nicole
5d5fde96-1b53-4055-b8a9-fe2aaacf4627,Albert Romero,dominic03@example.com,28,206427.79,677,CD,East Ryanborough
11467ffd-f697-469b-89b0-e83cfe9633f2,Christopher Carr,jefferyspencer@example.com,49,409273.64,319,MW,Port Danielland
21120bcf-c75f-4296-a0de-70720af1fbbc,Tracy Martin,woodsamber@example.com,57,393241.42,808,MW,Tomberg
e1f15671-0bd9-4ff8-b016-2e1f3c83b971,Robert Hart,doyleryan@example.com,33,412541.53,760,KN,Marshallmouth
1059e262-86d8-4688-909b-852f1b1f319d,Miss Barbara Lane,zjohnson@example.org,50,353894.48,768,AZ,Millershire
1ba87737-4e56-4451-9e86-6defc8929e27,Jordan Valdez,ramirezchristy@example.org,74,93453.14,698,SN,Vancehaven
f0c367d7-dae6-47b6-9969-0d7a8c473af0,Linda Khan,grubio@example.org,54,342854.16,640,IE,Alexanderburgh
dd8f38c5-105a-4c52-80ae-649c4bd3ecca,Mark Young,deanamy@example.com,53,105635.49,798,AM,Butlerville
87c12899-df63-453a-89a8-10b26c96d6d6,Amy Ray,ehobbs@example.net,34,335710.3,843,IN,Leehaven
c86b8cf3-9036-41e9-a024-26f7f44241bf,Kimberly Johnson,cpotter@example.org,57,371677.75,344,HT,North Kristinport
4bdf8ad8-9581-4ecb-bbd6-bce49abd1c34,Amanda Ramos,michaeljuarez@example.com,72,317432.9,742,KW,Katherinefurt
47051eaf-db1d-4891-af18-7b56c1b6aebf,Maria Williams,harold53@example.net,43,375241.81,778,CR,South Casey
a4bd09f6-069a-4507-8b26-f778809484cd,Jocelyn King,stephanie15@example.com,67,443377.38,693,CM,Wendyview
422149b0-419f-44e3-88d9-fe1889b22c2d,Anna Figueroa,anne67@example.com,57,482297.33,844,CA,South Sandrafurt
400f5ef3-bc00-4356-9bec-7e04a0b1d668,Carol Stewart,cody73@example.com,39,471975.38,497,ZW,East Gina
c230766f-464d-4dc3-866a-b59e2802fd76,Amy Anderson,rodriguezcaitlin@example.org,48,270288.88,338,GW,Robertfurt
3152b438-0313-4ff4-a454-f7a905fdd884,Ryan Garcia,vmercer@example.org,24,102061.1,485,CR,Lake Johnland
7955ed98-cfa3-43ec-81f1-2545cf5e2977,John Chavez,steinkaitlyn@example.com,30,74412.04,831,LB,Danielburgh
2727ba4c-1738-4607-88a4-10c1c20a4ad3,Stephanie Hernandez,kevinwhite@example.com,48,267289.73,324,IE,Lucasshire
ab577f2b-2be3-48b6-bd8a-afd46b47d774,Courtney Campbell,michaelevans@example.com,71,446078.62,820,KI,Lake Kayla
f6144c01-6b47-47d1-b47e-6ac93483eb3b,Michael Butler,hannahgarcia@example.net,33,118412.75,360,VE,Riverston
06d042f4-5e6c-4c7b-802d-cd82abadcb9f,Jennifer Green,reneewaller@example.net,47,189537.05,365,TW,Hammondmouth
bb700804-d654-437b-b806-7895db06b5e7,Steven Collins,melindaweber@example.com,44,345447.13,597,SR,Collinchester
3522a8b9-c683-415d-91e8-0552664b51df,Brian Waller,sflores@example.net,31,226388.61,807,MX,Penaberg
b8be4990-9e26-4702-9862-f488dc08456e,Denise Stone,lyonsdennis@example.net,18,210954.68,751,MW,Port Marissa
205f319c-db9e-4f8f-8cd7-224df7256eb2,Cheryl Johnson,jimmy70@example.net,32,121499.34,350,HU,North Matthew
3889e0ad-39fb-449f-bfdf-c20d96f1c2e0,Julie Moon,julierodriguez@example.net,24,178061.85,753,BJ,West Thomas
5dce4770-6752-428b-add3-8dfb9c2f057b,Stephanie Morris,patricia24@example.com,65,350421.91,850,BZ,North Lisa
78d467ed-19f1-43c8-a0e9-740fec40c36d,Michele Perry,xfarmer@example.com,23,29829.92,411,KM,Gonzalezview
d7940d8a-b58d-45b2-bb51-cbaa8b843f33,Jacqueline Copeland,amandaroberts@example.net,47,50131.67,694,HN,West Christopher
e4888745-07bc-450c-8161-63210d071091,Stacey Knapp,fmartinez@example.com,71,402475.45,525,BE,Wilcoxmouth
bcef700c-e5f9-4704-9dd4-195c626f98b3,Jerry Williams,christopher72@example.net,20,257978.46,831,US,North Robert
59c795bf-cb09-411f-8681-cc95f6915324,Nathan Brown,meganhoward@example.org,37,350064.34,544,SE,New Robertaport
a09e2155-ca2b-45a4-8749-97fe30c10860,Kathleen Whitaker,lindseyamanda@example.net,40,80941.95,741,AT,East Matthew
ceba43c9-0adb-4b28-86a8-a822317e10a7,Andrea Campbell,gary22@example.org,36,91099.5,305,IS,Karenport
120c6f5e-fb5f-4b35-a449-c6595d0ab116,Angela Baxter,medinawilliam@example.net,46,244883.66,337,LC,Hermanport
5a75fe73-740a-41a8-8a88-18b4f6cfde6f,Cody Bauer,laurie48@example.com,19,429613.06,609,BB,Carrillotown
d8807f47-8fa2-4624-bb15-1ccdb5805645,Ryan Reynolds,kenneth66@example.net,46,34623.58,536,PE,North Cheryl
52bae137-8ac4-4dbb-9a58-686d108bd8e3,Anthony Williams,laura81@example.net,36,386881.42,795,TN,Port Gary
635138a7-4d4d-47cd-bfde-3dfeb287f8a5,Laura Palmer,sarajimenez@example.com,55,482824.65,376,TT,Jacksonburgh
aeb945db-9724-4271-8e4f-7eb20520c3e7,Alyssa Kirby,palmeradam@example.org,74,345428.35,353,AZ,Loganport
12295a07-8690-45c7-ab58-23430f582b13,Lee Martin,connermelanie@example.org,65,34554.93,518,SN,West Dakota
60c51b9b-e570-440d-a929-b7c738871768,Ashley Wilson,roblespatrick@example.net,27,320519.99,745,IS,Bakerport
8eaf1869-cadc-4dff-ab05-6043c0c0b8a3,Colleen Clark,cburton@example.net,37,135849.72,579,TN,Reyesburgh
626b5951-b21a-4651-ae29-2f5397be51ed,Timothy Powers,kayleeanderson@example.net,40,140727.7,721,CH,Robinmouth
78296fc4-7bd1-491c-a7c3-2ee76b8d392a,Lauren Smith,jeffreypowers@example.com,19,358570.7,448,TV,Joshuaview
748b14e6-3e49-4ee6-bda1-f26e767c5325,Richard Riggs,melissa17@example.com,49,248292.85,608,GT,Lake Bobby
1c603d95-1914-49d2-ae48-a71dfec1ed06,Robert Clay,darren66@example.net,48,375330.05,408,CF,Port Lisa
f6cd35bd-aaee-435e-880a-48266a5f53d8,Linda Simpson,russellsmith@example.org,48,30621.66,489,ER,Lake Gloriaside
9dc0496f-8cfd-4d20-afbc-652764dc2427,Leslie Walker,curtistran@example.org,64,410844.17,443,MA,Port Jack
38740acb-d527-4ace-88c2-bd0a4b516b86,Carla Carter,john48@example.net,61,209222.5,826,CO,Cherylchester
deac6704-d902-46fc-be7d-ee5aec3caf0c,Timothy Terrell,taraball@example.com,36,106580.47,389,TO,West Carmenmouth
0188da45-f296-4a1f-b110-127e9cfa3fe0,Jessica White,gillespiematthew@example.com,43,128158.17,723,RS,Lindseyland
f5cefbae-28da-4e3d-9e95-da93204e9e41,Tammy Castillo,marygarcia@example.org,65,202676.33,550,SZ,Malloryview
4c09b96a-9d6e-469f-9a29-eb2fd16178b7,Mitchell Navarro,zdavid@example.net,62,118501.37,756,SE,Petersonview
254fad33-9ee5-4bca-b8b1-543bdbfb4865,Monica Nielsen,kimhernandez@example.org,28,304338.15,473,RU,Katherineville
29e0fd1d-9808-48e6-95d9-8af40aaaa491,David Fisher,williamsdonald@example.com,67,493927.27,591,CN,Wrightchester
a679d505-4ace-4a0a-954c-fc20acae0417,Darren Flores,traci43@example.org,30,178058.28,826,OM,Trujillobury
8e025ec7-bc41-4ad2-a000-d7f7b8c0e629,Katherine Brown,robert21@example.net,73,262547.46,635,SY,South Rachelchester
c011e730-14c5-4a9f-be94-6ba99f41e4c7,Megan Franklin,jkennedy@example.com,25,238884.69,784,CY,Johnsontown
73930b51-6e04-4e46-a289-b659cb620f1b,Kimberly Gibson,vincent47@example.net,68,43551.83,802,CF,Wrightport
acb985fe-2625-4731-bf8e-7be320e48c77,Mrs. Sabrina Jones,gharris@example.org,24,160668.35,630,AT,West Christopher
655f10ee-dc83-41bb-b160-4ed21122560d,Brian Bowman DVM,brian05@example.org,50,227370.25,362,CG,South Rebecca
1e37a680-931d-43a7-8e07-edbc720f03f4,Morgan Johnson,margaret26@example.org,64,493938.98,395,BW,Callahanville
9913bb1f-b18a-4b44-a8d0-b5e19769e07d,Matthew White,murphyleslie@example.com,58,298807.22,359,KI,Port Allison
03a95e84-60ab-4bb8-87c6-832b5feb41a1,Danielle Nelson,christine53@example.org,43,252388.72,640,GA,New Brendaland
c6c1bb7a-f60c-4b83-9c4e-61cb61b3208a,Kristin Flores,melissasavage@example.com,58,231240.19,474,KM,Elizabethbury
16358b57-3168-448b-92e9-7715ddd06d07,Robert Jackson,nguyenjames@example.net,32,289556.35,455,GE,Burnsside
ba623cfa-1548-4a1b-9911-20cd4a8042da,James Lewis,john09@example.net,66,119389.89,516,NO,North Brenda
a46fe941-fcab-4829-b6a5-4d93e60cf9a4,Eric Jensen PhD,michaelferguson@example.net,53,436189.6,510,VC,Christychester
5774eb31-3bb1-45f6-a562-0095ce887057,Zachary Young,danielle90@example.com,32,418560.01,475,BS,West Georgeshire
4f99384c-2aa9-4e54-bb6b-1b1c550ae0ce,Mrs. Rachel Cook,thomasthompson@example.net,52,490221.09,626,LB,Ritaberg
e0b8c9a8-d928-4780-9ab1-edc05e2126d4,Haley Beasley,jeremycharles@example.com,53,136913.4,600,GD,North Joshua
9af73827-3209-428d-9b60-c989ab77a6ef,Mary Tran,anthony35@example.net,41,342504.38,538,ME,Powellchester
be984ca9-6125-41ce-ab83-dc93200db0fe,Tiffany Williams,benjamin57@example.net,62,88670.4,516,LV,North Sarah
6c506973-f8b6-4b99-9f72-03689665abf2,Kristen Bailey,elizabeth37@example.com,24,185839.15,498,ES,East Timothyport
bbc828cc-72c5-454f-acbd-94798bc04825,Danielle Fuller,baileyryan@example.org,48,455921.46,506,UY,East Andrew
742fc8ad-2c35-4f2d-a7df-a51a4cc3adcd,Kristopher Ferguson,josesmith@example.net,52,72555.61,557,IN,Ericstad
fecc79b5-491f-4dec-b65c-3fa0f84a83f4,Bryan Ford,qmontgomery@example.org,73,236969.52,793,SM,Lopezside
99831a80-44fe-44f9-8859-0efd4bebc56d,Robert Bryan,cassiejimenez@example.org,22,391207.47,537,LA,Bradyfurt
a8cbadba-50ed-4228-8321-285921c3d0ce,Trevor Baker,lyang@example.org,42,86718.71,793,TR,East Latoya
83e57832-0408-4515-a303-a8ef6a62ca80,Matthew Edwards,christine07@example.com,74,270171.45,560,SD,Port Alexischester
c4a39905-d664-458f-a8d4-55f963e96097,Ronnie Robinson,costakenneth@example.org,20,424748.71,592,CV,East Chelseaton
5448b8af-8911-426d-801f-05ee1b63593a,Douglas Martin,dmills@example.net,64,241580.46,511,BI,Boyermouth
3b82c645-adf0-455b-88c1-50d49501ffa6,Matthew Garcia,zhughes@example.org,66,163355.41,401,TR,Aliborough
f63e51e9-a6c6-45a9-8f04-e66b481c36c4,Amy Wang,williamsmichael@example.org,19,270043.6,408,MD,Camposville
c02d1398-37ad-4297-b126-bdda4bc5817e,Nicholas Garcia,tcoleman@example.com,55,346322.81,370,GW,Lake Ryanville
ded3afb7-28eb-4469-b795-df42a8e0fe2b,Kevin Long,sophia13@example.com,29,94567.92,368,SY,Lake Annview
cfb24507-0aaa-44ac-b588-a4123edb1e63,Maria Vasquez,yrobinson@example.net,32,378039.5,654,LV,East Rita
52a4bfd6-bdf9-4624-953b-5f6aceac30bd,David Graham,lopeztamara@example.org,64,190753.41,486,SO,West David
fe6dd166-d3f9-48d8-ac4a-e17f4a700d0e,Ashley Williams,jonesanthony@example.net,57,39694.26,785,GQ,New Brandonside
0c30f5fc-72b6-49b2-ab36-40863b04c762,Penny Wilson,matthewmorales@example.org,29,318105.66,480,DZ,Port Angelamouth
f89ca4f9-320c-4491-a2a3-e4c2027c374a,Elizabeth Smith,fshaffer@example.net,74,114700.21,413,PG,Marystad
16c9a5be-98ec-4676-aff6-0be6b72c3f0c,Jeffrey Roman,cortezscott@example.org,52,179579.6,642,TD,New Josephview
95b19c0f-874a-48f7-b8d8-a6969233a07b,Mary Snow,fhill@example.net,70,150263.67,580,RU,West Marcusstad
e7bad357-51e0-4c06-9389-ed232017b965,Michael Robinson,kjackson@example.com,31,216842.67,399,KI,Lake Brianaville
942b2496-a598-460c-9f11-761fc6ace440,Sally Wilkinson,christinebenson@example.net,71,164955.8,609,HT,Floreschester
944792fc-5901-48b8-9517-1f9c2e6756ec,Megan Villa,efinley@example.net,33,298290.99,635,BJ,Larabury
7a722b1e-da7d-43e0-93b3-a75ffa825519,Janet Houston,samantha90@example.net,26,211648.24,744,TM,Burtonmouth
ba25b3c7-1df1-44ac-af6c-7d4b88e5c2e0,Beverly Donovan,jnichols@example.net,47,59520.26,343,LS,Wallaceville
7585d455-37d8-4a57-b0bd-2c7102f43309,Rachel Lopez,davisjon@example.org,70,148457.97,743,FR,Sheenastad
6b7bdb4b-6fee-43d6-8c0a-bcdfbb1a8099,George Lewis,michaelmathis@example.org,50,284243.2,617,IQ,East Christopher
076d1e9a-5a1a-4205-8d08-b1ea9d6f2759,Andrew Wagner,melissahodge@example.org,19,443637.9,562,NL,Frankside
54a1e080-39c1-4132-aea9-2bbe6042c63d,Kristen Valdez,lisawilliams@example.com,58,40407.66,516,MV,Port Joelborough
6abda0ac-a0cf-467c-b635-839b5fcbb66a,Martha Campbell,heatherfoster@example.net,53,169251.75,309,UY,Smithland
75b0630e-7619-4d2c-8ca0-960473f49fcc,William Hughes,knighttamara@example.org,20,280835.78,451,PH,Nicoleborough
c7cc7e87-1082-47a8-83c4-5a1272b8e49c,Peggy Suarez,madisonsmall@example.org,27,261249.95,845,BR,Port Johnmouth
66f8b823-519e-42d2-b715-c0c74c9da519,Brian Thomas,bwilliams@example.net,72,227377.89,327,SR,Williamberg
d19cbd4c-a0d6-419a-b1c3-eb716cc1d8b9,Anne Jackson,morrowbriana@example.org,29,347914.39,400,AU,Port Josephview
86ef63ba-0259-4344-af25-e07522c5d366,Travis Ferrell,sarahjones@example.org,30,482543.09,300,ME,Kathrynburgh
05b1bca1-2948-494b-84cc-fef0fdc42a56,Randy Williams,amymonroe@example.com,49,51461.2,572,TZ,Suttonfort
411feb3d-0c0d-4c88-8604-044a1ac51cdf,Jose Wiggins,garciajames@example.org,50,172654.22,451,GM,North Michael
7172c6f2-feb7-4848-8bce-cffe594f6783,Stephanie Young,danielevans@example.org,38,472837.24,657,DJ,West Bradleychester
a2fc9b8f-51da-4837-9eea-4e4e31f25265,Robert Webb,katherinebailey@example.com,18,325293.37,668,AE,East Ericmouth
68bdaff5-dc07-4047-8df1-b89215b694b8,William Simmons,daniel32@example.org,58,236936.8,366,JP,Jackstad
9e1216b8-adbe-451c-bda8-2d9ee606d632,Nathan Combs,wblevins@example.net,27,382994.38,415,BI,Matthewview
3256c618-bc74-494e-a84e-0aad3b011837,Melanie King,edward17@example.org,29,43470.76,362,MN,Crosbyville
71246642-5c48-4b0f-b011-0178b3da1874,Virginia Prince,pphillips@example.net,27,145819.93,492,EG,South William
7ab96357-b354-494b-af71-866a8785a343,Danielle Moss,baxterrobert@example.com,32,35715.13,757,SY,North Brandonshire
65255fe2-aa35-4ecb-b846-b2b6623aca47,Lance Smith,kevin28@example.com,62,73636.45,457,ER,North Rebeccafurt
8c686f90-40f7-44b2-8de4-c62e371fd59a,Marc Smith,carterjoshua@example.net,74,164004.05,570,RO,Heathershire
814c09cd-359d-4beb-978a-aa672128de49,Dr. Justin Hansen,uthompson@example.com,45,170870.48,581,UA,Connieborough
3276709e-6774-481b-930c-7aeab2207fe8,Victor Arnold,donna87@example.com,71,410946.41,646,DZ,Amandashire
919cd359-2463-4ce8-bf56-02bdf3a1146f,Mark Harding,yrichardson@example.org,37,61712.15,788,DK,New Evan
d4a103e1-099f-4789-9ed1-ffcb18da6332,Jason Bray,sallybell@example.net,48,318268.33,552,IN,Hoffmanport
5aab2961-3559-46e8-82cb-330eb164de96,Christopher Collier,gomezallison@example.com,45,238548.67,385,AF,Traceyville
3a116413-716e-4c31-9231-1625a627d843,Henry Chaney,walkerbrian@example.com,26,177587.78,620,AL,Bradyburgh
db6ea268-040d-44ba-88e4-864fe4ea4eca,Brian Taylor,heatherchapman@example.net,63,366897.37,547,NE,South Nancytown
39dee7c0-c3b4-4f4b-9b05-4919e7200c40,Joseph Wilson,avazquez@example.com,73,42494.27,785,VE,East Jeffrey
2d538f32-d862-481c-a0ec-9907df7e4cc3,Robert Harris,joshua88@example.com,32,123700.7,492,DZ,Lewisberg
3697803a-fce2-4956-998e-a4765a36677b,Kelsey Sutton,farrellamanda@example.net,37,159304.92,430,GN,Trujillotown
a5150792-ce50-4991-a72a-e44b2da48866,Sarah Hendricks,sherry52@example.org,31,397171.27,765,DE,West Daniel
9e514e23-75fd-40b3-be52-d9ee445b0d6d,Judith Hopkins,peterbyrd@example.net,30,76665.67,574,CL,Trujillotown
821239a2-7cd2-457c-8093-0c1847f0e95e,Lee Clay,michael82@example.net,41,32605.56,374,MW,Johnsonfort
ef969980-ea41-4bd7-a8a6-12be503d9061,Sarah Lopez,bcuevas@example.com,21,408910.53,635,EC,Andrewbury
7b738f13-5efe-446d-809b-5cfc9dfe26e7,Carolyn Scott,cruzrobin@example.net,65,58703.9,357,UG,Port Tracy
de6a1d6a-fbbd-4cde-9aa2-37bde51ad2c8,Victor Lin,millsjoseph@example.com,23,402269.88,312,CN,New Carlstad
52c23f49-31da-4526-be3c-27e7a0410b36,Connie Hernandez,chapmanjill@example.net,45,411038.74,506,CN,New Xavier
fa29a0d8-6ce1-4e83-a8da-f29016570219,Dawn Gaines,kimberly48@example.org,70,394155.97,627,CD,New Ashleyland
4715d511-1c62-484d-a7eb-c9e83352fefa,Sarah Thomas,yvette04@example.com,70,127490.3,332,SM,Lake Jessicashire
88430b3b-764e-4caf-8be1-ab6e9572e2ae,Brian Wright,karenallison@example.org,36,236463.77,409,IS,New Kathyside
b42ff91d-6a97-421e-9852-80fdee766bdc,Kaitlin Beck,rebeccamorris@example.net,35,361992.32,440,GW,Port Caitlin
463e7881-5f89-4d6a-b481-df73a0d5ede9,Shannon Elliott,ianevans@example.com,65,307705.75,672,PG,Katherineberg
85f21190-1300-4257-b556-2f80919df983,Joseph Oliver,wmcdonald@example.com,31,309026.89,630,DZ,South Jenna
d8ae5391-7920-4077-8440-209addd69b2d,Justin Garcia,kenneth78@example.net,57,437965.65,409,SA,Navarroport
a72abe1d-9c75-4c69-992e-9d849db1ae78,William Duke,wclarke@example.org,32,102527.7,656,MY,Smithland
ec656500-1f6e-4748-b6ae-11f963dbe362,Katherine Elliott,devin02@example.com,25,131712.97,575,DJ,North Jon
1d9c63c2-fcc2-477f-b6d5-cf8d8c584807,Jill Welch,iedwards@example.org,24,335977.26,480,DZ,Wilcoxmouth
1196a169-baf6-4939-b1ec-a57569d08c08,Steven Dorsey,lgarcia@example.net,65,192650.19,476,DJ,Paulside
6a7f2dbd-5554-4a2e-97e7-934b9d6251b1,Brandy Sharp,wanda97@example.com,48,344779.93,614,JO,Montgomeryfort
2b73ccc4-4f3f-4b57-9649-ec6c73033ab8,Julie Anderson,xwilliams@example.org,45,301878.5,522,LA,Catherineburgh
29bb56da-fbcd-4373-a29f-6d53c1037928,Amy Huynh,josephsuarez@example.net,48,179443.81,645,EE,Ronaldbury
1947738b-fcb9-417e-bca5-5eb58e827ba1,Tammy Gomez,melissawilliams@example.net,55,490270.27,332,KZ,North Christine
bc5579c3-769b-484b-9359-894d0cec6fa7,Nicole Holmes,briannalutz@example.org,30,197325.45,304,CN,Lopezshire
e3058874-043d-47b2-9017-a8b1b776e9de,Carolyn Brown,gardnerrichard@example.com,56,190129.24,329,JM,Tinachester
4b6fae63-56ee-43a8-8d41-b0e6d8cbeb2f,Scott Harris,gary61@example.com,21,72779.63,316,BE,Lake Amanda
0ae0af39-7a54-4d93-bbcc-c409ece6e0aa,Timothy Peterson,daniel23@example.com,26,37566.46,775,TM,Jesseborough
6b4cd505-1b92-422b-b9a4-677528790969,Dennis Scott,cgilbert@example.org,68,493324.16,485,DZ,East Michael
1d98b1bb-e474-424a-89cd-0934eb5f616d,Jordan Smith,smorton@example.com,39,87533.33,741,LU,Nicholsland
df882333-fc81-4541-9fb7-71b81b2fcfdb,Todd Patel,dlee@example.com,19,33102.57,608,SC,South Juliemouth
f34fc92b-fbae-45ed-ae2e-908c0cc1af42,Michelle Jimenez,danielwalter@example.net,57,34197.46,635,UZ,Jonesview
f00993a5-cedc-4f9f-af96-6614d648fabd,Sara Nichols,paul16@example.org,62,469961.44,734,CM,Oliviashire
3fa3230b-780a-4970-bf18-a5b4c0ad1594,Crystal Monroe,qvaldez@example.com,53,487437.43,573,ME,Michaelchester
774d5837-80e3-40d7-9741-4df563a68b1a,Mary Allen,laurenbriggs@example.org,69,219747.25,442,QA,East Kimberly
c963529f-5898-4a62-9cb3-35fcecd05b30,Kevin Thomas,isaacbrown@example.com,56,250833.59,728,KN,Lake Eric
52a7f7cd-83df-40ea-9223-e4aa3bd60b01,Julie Dominguez,hholt@example.net,71,405283.4,600,VN,Amandaview
1280bb43-d9f8-45f1-9bae-58f1f5b2fe79,Joseph Hughes,stephanie13@example.net,67,318135.23,335,TZ,East Carol
0f0ec95d-2674-40e7-bc84-a893ab975635,Katherine Holland,kingmadison@example.net,71,309905.44,723,GE,North Jamiemouth
d22e81a4-854f-4c36-85fb-4e50e2383c80,Michael Thompson,eric19@example.org,24,386410.04,846,SY,Christinebury
5ef5dd0f-36bb-46ca-b453-be4d342dedd3,Amber Paul,dwilliams@example.net,71,362273.05,650,SL,Danielhaven
a3e48082-7f66-4cd1-bb1f-91ec3a00fd2e,Lawrence Kemp,chelsea22@example.net,65,471446.69,581,TD,New Markbury
f9ccf60b-4bbd-4b20-a4d1-938e4637a548,Joshua Carter,christina61@example.com,23,195324.81,394,UZ,East Patricialand
a27158d6-7147-489f-8bb2-402072d5deae,Patricia Orozco,ryanbrown@example.org,19,273782.11,726,BN,Perezville
ddec20df-bc4f-4df3-9bff-885ab8020bdc,Emily Mills,jtorres@example.com,21,387460.81,420,FR,Port Lori
2e13fe44-d38a-4a4a-a53b-402a161019e1,Rachel Obrien,debra79@example.com,72,386132.76,784,MU,Thomasport
eb8f2bf6-a2d3-4b28-9b64-b8aefed3bcf6,Sandra Walls,pblackburn@example.org,33,218499.13,584,SI,Lake Lawrenceburgh
11ba99e6-c406-4b6e-9aaf-7e396f7fb99a,Carol Nunez,ann61@example.com,44,451865.52,843,SB,Port Kerri
6e763cc8-dd45-4d23-a7dc-6b8008e14621,Nathaniel Perez,duncanmaria@example.org,24,170716.65,479,NP,Benjaminport
e88db5a9-d279-43c7-8296-405cf74d032f,Shawn Hall,lynnrios@example.org,20,478724.21,758,KH,Port William
17fec1b1-e503-480b-a2b8-231b03fd93fb,Mary Adams,vreyes@example.com,61,476382.84,773,CU,Barkerberg
670bac08-2c8e-4121-ad95-8fb6c2f34bf8,Larry Alvarez,riveragary@example.org,33,478289.89,393,GR,Nancyfurt
9a97b95c-f683-4d0f-a150-c9f9e08d862a,Bradley Davenport,angelamiller@example.net,46,309432.19,613,BD,South Andrewfurt
7cd68b3c-58c8-47cd-8593-126892b2ca19,Mary Anthony,mindyflowers@example.com,37,27202.64,752,PS,Gutierrezport
8f921140-8dc9-4dc4-84e2-c53c24b9e276,Lisa Dean,liuscott@example.net,20,219240.95,426,PS,Port Timothy
c7f8590d-c800-4e9e-8c64-5d61cafdc7be,Andrew Walker,amy55@example.com,25,37621.07,688,US,East Harryberg
5936f4d3-78b9-422d-9e38-d2fd5ef40da8,Andrew Austin,rachel16@example.com,24,43979.94,440,IR,Lake Suzanne
e131ca14-1148-4c0d-b67b-e0afa3c15559,Joshua Campbell,brenda36@example.org,63,343495.28,392,GE,Duncanfort
7bd44c58-2b6b-4b71-9e2f-0e46e63e9d53,Patrick Garcia,rlyons@example.org,73,75404.97,762,RU,North Craigbury
59cace79-820b-48d3-b486-4647d3d07461,Daniel Johnson,johnsonronald@example.net,56,388181.21,324,ZW,South Yvonne
fff82997-6f7f-4dad-b173-e60026edaf61,Benjamin Gonzalez,xmoss@example.net,21,337069.63,820,GT,West Brandontown
18f32d46-e4f1-434a-9b6e-8fba5be61e17,Lindsey Alvarez,hernandezlisa@example.net,42,79018.95,605,TW,Port Rachel
19140785-d26d-4d6d-935d-aada12ca873a,Amanda Mcgee,millerlori@example.org,19,246192.5,596,BB,Johnsonport
669bd82b-cd98-4fc0-90b2-4e1110760fda,Jeanne Neal,harpermary@example.com,72,424393.14,315,RW,Jessestad
20a9610e-1892-417b-9a18-d1658b20b7e9,Cameron Harrison Jr.,perezvanessa@example.org,37,474427.58,681,BB,North Gregory
b230b0af-02d5-4ec8-870e-491eb4a880c9,Alisha Moreno,kimberlymooney@example.org,52,427614.72,304,MU,Wilsonton
cf6702bc-e3e5-4c8e-a91c-bcc81dc3422b,Grace Morris,justinsmith@example.org,51,451316.2,680,ML,Paulton
725e8079-4dba-4034-b127-dc64de3aa572,Monica Beard,stevenburke@example.net,49,236185.56,509,UZ,Brittanystad
548fff68-a9a0-488f-888f-e51a553296f3,David Adkins,victoriafranco@example.com,75,317887.22,501,KW,West Susanville
2fe3ed38-7e24-474d-8eb2-fb2f08b3615d,Tyler Carter,jgonzalez@example.org,53,414597.98,838,WS,Melvinburgh
4a0bba75-fafe-48d8-b4fa-746c0a2d743b,Kelly Hart,kathleen44@example.com,49,133201.02,566,LT,Gonzalezville
bce61455-1a9a-4261-bd4f-a6f0caeaaba2,Joshua Elliott,kathryn28@example.net,48,315559.71,594,ID,Patriciaport
11253573-7d6f-4a5a-b2f0-17b6fa9578e9,Ashley Barajas,nmorales@example.org,58,75749.06,443,BW,Collinsville
8fb180e8-83c3-4601-bcb1-8ff61760d078,Laura Hernandez,robertbeard@example.net,74,355429.01,684,CU,Masonshire
6bdcc11a-fa54-4997-a588-05de5234b6af,Jennifer Simpson,qhurst@example.com,61,33095.4,461,MX,New Ginaport
3a352cbb-c8dc-447c-8bb6-ccc08a24c4f1,Kaitlin Everett,gomezjeffery@example.com,28,167918.41,341,SG,Dawnfort
229e0a23-838d-4296-a036-f02e5e71ac1b,Angela Winters,melissapeterson@example.net,67,305156.81,842,KW,North Tiffany
8e404136-6828-4ea2-9d96-33c6759b32da,Michael Johnson,ronald19@example.com,66,219209.4,573,UZ,Goodmanbury
356c21ac-561d-4679-b3bf-c4672ee4757b,Amber Walker,xfletcher@example.org,59,239563.02,596,SG,Nguyenberg
0d33a9eb-420e-4282-b9f2-a09d84efb989,Sandra Rojas DDS,amandafrench@example.net,74,319107.14,517,VE,Lake Heatherstad
01a5efb7-bce9-4e0d-9936-a5a5acac53cd,Nicholas Woods,molinalauren@example.com,21,112603.56,789,SG,Grayview
bb4fac29-3c17-470f-a685-9f530c2b5e97,Barbara Soto,jeffrey84@example.com,62,20826.93,636,PY,West Brendan
5ecf9c5d-e32f-4413-a1f5-e0debba9a717,Teresa Andersen,wnguyen@example.org,70,322449.14,619,PK,Delgadoland
6a30f883-1a6a-4a41-b24c-c31c3827d7de,Teresa Davis,bgonzalez@example.org,71,223612.04,771,CU,East Tylerchester
9726e787-7441-48b6-8c73-3b32ee2ed43f,Jasmine Reed,jessearcher@example.com,73,276585.19,733,LT,West Alicia
8ffd8c09-715e-4b9b-b1c0-ee960a8f2f21,Ashley Yang,anthony77@example.net,70,492309.04,687,GA,Nelsonmouth
78ae6fd3-7818-46b8-b5ca-75b10adc947c,Kathleen Williams,jeremylewis@example.net,52,455445.06,743,CY,Mooreville
f003964e-88a1-47ec-8206-883cde40921c,Nathaniel Holland,vwright@example.com,65,159467.79,395,GD,Stoneton
24b1e7db-71ab-4546-9407-1159ed3f8765,Jonathan Smith,dennisbarron@example.net,68,357169.07,696,DJ,Mckinneymouth
4df701e5-9deb-4faa-8ba2-65b87ff633c3,Christopher Gillespie,traciehernandez@example.net,37,226083.9,716,LI,Weberberg
210b6e80-0c67-4370-b63f-709a56433218,Alan Bean,daniellehicks@example.org,55,210556.46,807,AR,Julieborough
56adb0b0-9904-4d51-865f-de8948f9b4b4,Nicole Morris,wallacevanessa@example.net,41,467970.06,683,BZ,Benjaminland
8cdf984d-30c9-4dd7-b4aa-5aae3e15d43e,Brian Pruitt,tyler03@example.net,32,308271.7,811,TN,Davidfurt
b3ca472a-ca69-4a0d-bb95-ca1088bf11da,Morgan Lane,ashleyvasquez@example.net,49,53942.58,571,GN,New Keithview
328e759b-8b3c-4e0c-9f40-ad532f5d7506,Gregory Wilson,danielle27@example.org,42,374143.55,379,CO,Lake Mary
27147ab2-0e7c-4512-9e67-6186608a5bb8,John Hunter,nmcneil@example.net,58,265180.64,468,DZ,North Regina
8f2aa05c-7669-48f1-95ab-052285990700,Alyssa Moss,marvinpaul@example.com,61,143786.96,328,CY,Lake Sara
1fd61c14-c4e1-440b-9caa-e5c7abdd0c55,Jill Russell,alexis72@example.org,22,438777.88,760,NP,North Leahland
d99f1ecf-07fc-416c-9479-29aac42f4c74,Anne Gutierrez,brian56@example.org,67,335877.65,784,IT,Basschester
f0c42152-d74a-47e5-8333-d9c3076ffbfd,Timothy Brown,shannon60@example.org,52,210741.23,647,HR,Daughertyberg
52612ac5-7acd-4f21-a9f5-89942563aef6,Courtney Richards,lindsey56@example.com,47,60886.86,482,IT,Lesliefort
9da75fa7-917f-4b2b-afb8-99d0e14efade,Julie Riggs,robertsonvictoria@example.org,64,83876.34,619,SD,Kelleyburgh
67c668db-b6b4-440a-9072-0bcd57d3841c,Natasha Williams,lawrence30@example.com,32,218337.34,683,ME,Mayshire
3b45b10b-8c9a-4614-923e-4cec1ce038ff,Jesus Marsh,kathleenmiller@example.net,24,243546.67,549,NG,Gregoryville
4b9644f5-d0d0-4989-a780-14aae9ca89ff,Robert Weaver,lauren64@example.net,21,453270.3,511,LV,Roachfurt
6edbd735-4d58-4c89-89a6-efdce067a71e,David Wright,bridgeslauren@example.net,39,439042.4,655,MT,Port Julietown
03a28a95-2b3e-4039-9752-41af4923ded1,Dana Shea,millerdavid@example.net,24,298738.96,580,BE,Port Danielleburgh
dd7b2d09-a8b5-4063-b22f-3b45167b0067,Robin Camacho,welchpeter@example.net,53,275990.24,580,FM,Conleyport
a04d26b5-7af8-47f9-aa00-0c67f9842ef4,Leah Brock,ehammond@example.net,38,330069.98,825,BH,South Johnfurt
b2a014b3-859b-4905-9780-b27fbd1f4670,Darren Wilson,howardmonica@example.net,59,213170.45,592,GN,West Jennifer
9c07f3dd-05c6-40d2-b14b-5d8ade24d5b4,Glenn Berry,rogerskatherine@example.org,30,36858.08,500,LS,Taylorshire
2353034a-f92b-4f29-b5d9-bd6007a94434,Victoria Parker,lewiselizabeth@example.net,24,194461.87,799,TM,Richmondland
61b76b8a-550d-4294-a35f-f3b86d2cc857,Colleen Davis,brianmanning@example.com,49,408969.64,361,LC,New Kellychester
416945bf-f0cc-4839-b1fd-ecda9213331a,Sherry Miller,iphillips@example.com,49,124850.02,802,PT,East Jillfort
e4d6389d-7557-446b-91db-ef3dfeacef9e,George Wall,olsonkenneth@example.com,60,327185.27,560,DE,North Mark
27378a0b-dbc3-4218-a384-38b5e1c74690,Katie Porter,william69@example.org,33,164482.53,301,BZ,Davidland
d49efd32-5bc9-4329-926c-50bb6d22fbd5,Karina Walton,raymondhenry@example.net,70,412755.22,753,ID,Lake Emily
eb2ec96c-77e0-43df-9d67-f5bc9e3fa411,Patricia Sheppard,austinmacias@example.org,62,286034.74,835,GB,South Kevinburgh
cf0826d0-a695-4816-a4c8-481f1881b29b,Harold Quinn,kcox@example.net,47,450452.05,329,DO,New Mariamouth
8499755b-45f2-4c4b-82c0-9cabfc5659cb,James Ramirez,mmunoz@example.com,72,229719.06,517,TV,Cindytown
2ea27132-e626-4314-a20f-44f44eb16b1a,Margaret Raymond,janemoore@example.org,18,235228.87,588,AF,Moorehaven
28735f8b-6852-4070-a47b-c88a24ce43bc,Andrew Williams,donaldsoto@example.net,36,479130.46,496,GD,Kristenton
2b271903-f750-44b4-8895-546389ae4608,Richard Jackson,msimpson@example.org,39,369539.64,542,LU,Coreytown
0de2d052-0737-47b7-845d-09f03a127fbe,Tracey Hobbs,spencer93@example.net,47,485537.33,700,IE,South Tammyland
b667ad61-6110-4f1c-8a17-b8f790435ce0,Shawn Johnson,michellemartinez@example.net,41,419701.85,487,ES,New Kevin
b880ee91-9150-4be5-82ef-0f394f9154f3,Joshua Hubbard,barbara39@example.com,24,72713.35,756,CN,Jonesside
aa5497a6-8596-4feb-b16f-acd9887890a5,Stanley Davis,william79@example.org,35,496666.52,695,CY,West Cassandra
fc58e15c-97dd-4062-8e49-f1f617f5e197,Rebecca Arias,william05@example.net,31,447151.85,822,MK,North Noah
70f66f28-1e9e-43ca-a5c1-f1a575a47c64,Miranda Martinez,virginiasummers@example.net,31,313504.68,606,CY,Port Justinburgh
5891f1b9-90e1-4c01-bf33-5b18198eb998,Johnny Fuller,jimenezkatelyn@example.net,39,215690.0,593,LT,New Jessicafurt
996eab5e-a8c8-4116-ba32-94699337420b,Stacy Miles,michael76@example.org,73,452628.54,427,KP,Woodardland
e178791c-516a-4664-b8eb-d5a1a85ddc0d,Jessica Franklin,michaelacosta@example.com,58,476600.56,617,DO,West Robertville
012e93a0-25f8-4671-8765-1b180d2f8616,Debbie Miller,joe61@example.com,39,311110.36,380,PY,Angelaberg
043a66ba-246d-49e8-bbeb-384a17b9e412,George Santos,curtishart@example.org,19,119099.69,847,PW,Catherinechester
667fbec9-cb12-4aa7-8933-ab70ab7d7607,Julie Robertson,xhaynes@example.org,60,220012.57,499,CA,Rodriguezchester
6bf8fd0a-24c8-4291-874e-6927128d5b8a,Jennifer Donaldson,daniel78@example.org,63,208825.05,443,GE,North Christopher
6a9d8826-cc1c-4b48-ac34-028b002d08bf,Juan Bates,fred25@example.com,55,174332.07,318,MV,New Brandy
92504500-28ce-41f0-a61b-bd7926563fd0,Jacob Smith,johnburch@example.net,22,228659.84,773,BZ,Crystalton
37870014-bcc1-4980-8535-70d2cf6dd745,Angela Torres,tmartin@example.com,56,470442.93,766,DM,Lake Ronaldmouth
90293f92-5914-403c-9f14-ffa61da35499,Steven Li,jonathan54@example.net,62,393581.3,485,PK,Port Tyler
599b79e1-3979-4e58-b7a0-e17ba4f4ed7f,Jill Rogers,jamesbarnett@example.org,22,108378.07,668,BA,Lake Juan
3ca40f82-62ec-428d-adf3-03f896e7bfe8,Marvin Jackson,stephaniereese@example.net,57,290970.1,671,NG,Lake Jasonchester
bfcee20b-1e16-46b9-8e30-7716a58a785a,Garrett Levine,natalie95@example.net,50,444742.21,799,BT,West Elijahmouth
94b006b6-cf7c-4f02-8f61-10bcce778d41,Jennifer King,melissa06@example.net,53,396703.12,553,BR,East Jesse
8568a8a7-a75d-4894-8a0c-756e81a2ea0d,Jessica Smith,cmorton@example.com,39,137356.34,758,SE,Clarkbury
77ecb534-5917-4924-9adb-ebaeacacbfb4,Joseph Mclean,qlloyd@example.net,31,101825.1,303,CI,Lake Michael
b56e8f8c-6aaa-454b-8649-2ebd20bc371f,Michelle Greer,jessejames@example.com,19,381574.75,338,GW,Fisherberg
a3aadb63-3ebb-4164-9ea6-188f218ea980,Christine Owens,jwilliams@example.com,61,306793.97,704,BI,Hallhaven
701c0adf-07cc-483a-b67e-7f992acb5636,Katherine Smith,nbryant@example.com,20,191865.34,475,MD,West Daniellechester
b27c4e20-3ac9-4eda-9b12-4d3174efef02,Breanna Day,imartin@example.com,56,476343.05,439,KI,Paulport
d93acb80-8edc-48d4-8f8d-fd79aed57d62,Glenn Dunlap,alexanderalexander@example.org,35,217636.15,799,GQ,Juanburgh
89f05d2a-707b-4ef1-a75c-a3e15b254e74,Paul Johnson,yorkchristina@example.org,62,404330.55,727,TT,New Kelly
124d7e28-810d-4b35-8d48-a181645662b7,Debbie Tucker,marie52@example.com,43,385677.87,584,CY,East Gabrielmouth
82bc4d29-f8b7-4102-a755-cabe5d305807,Jeffrey Johnson,rskinner@example.org,68,91320.82,429,BN,Port Lisa
2938bb88-5e61-4c48-a4ec-fc3ee9d23138,Ashley Barrett,ramosandrew@example.com,35,483318.2,542,AT,North Allenmouth
62caafd2-625f-4ff4-b9f0-c6ce720de2e5,Curtis Long,ustephenson@example.org,64,341721.5,399,KZ,Walkertown
19426e65-7438-4ae6-b4f6-7e3e3956239f,Charles Smith,edward05@example.org,66,161262.85,665,CD,Williamsburgh
ce31440e-fc56-4c95-b0d9-91ba74f85f88,Thomas Todd,elivingston@example.net,44,21034.43,757,BD,Port Jesus
bd1c6b9b-0f4f-470f-ba96-44b4688544c8,Daniel Castro,langchristopher@example.net,58,254031.42,534,FJ,North Louismouth
1039ab7b-b238-45f7-9b96-c95df66bd521,Michelle Gibson,ginaryan@example.org,31,345748.06,316,PK,Erichaven
5c89112e-0654-4312-b794-1482cd5331cf,Craig Palmer,burtonallison@example.net,49,201836.98,537,CM,South Mark
7e01bf93-0e0d-42fc-9060-14e9a2f291e3,Christine Harris,yburgess@example.org,48,49492.1,345,TV,Lake Carrie
3c662f23-6b0f-4190-bab0-ebd57f8cc0c2,Stephanie Davis,zsanchez@example.net,41,111107.94,501,TT,Lake Gary
76822e37-948d-4e5e-899a-b6535299948c,Deborah Browning,alicia16@example.net,54,453821.64,849,IQ,Wardtown
c169d46e-df71-4d3e-856a-d9020d0f7eb9,Robert Adams,robert44@example.org,70,39233.79,568,NO,Stevenfurt
41c9b1cb-cebf-4b1a-9693-61c603ecf803,Paul Morris,jthompson@example.net,31,401277.35,428,FM,West Gregoryport
9a47b324-01ec-4aa1-8653-2b5c1e09107d,Anna Hall,nthomas@example.org,39,180661.07,493,NG,East Peggymouth
d0d6e2ca-79a1-4f2d-bfd5-cb439a277cc7,Billy Hines,ryanjohnson@example.com,53,78059.82,594,BF,Charlesfort
9d505262-b8e6-4794-9904-ed1ae09fb323,Mackenzie Delacruz,carolyn29@example.net,46,442750.66,411,SI,Johnsonside
3e189ae4-2a4c-4097-b878-a22f09d7940d,Jennifer Lucas,sherry03@example.org,60,27681.11,562,KP,South Gabriel
810c39b1-1e42-478d-a5c2-0294a1f777d6,Vickie Kelley,jeffgonzalez@example.org,74,172331.58,487,GD,Benjaminberg
e797e2e0-6de3-4323-826c-a640b4357703,Joseph Hoffman,christophergarcia@example.com,20,104553.4,530,NE,Lake Michaelmouth
1ca9b7d3-c5b4-4714-af59-97b569ee61d7,Andrew Neal,jamesmaddox@example.org,45,397220.65,439,AM,West Chelseastad
34cae4e5-d9b3-4b24-bf4a-de6c5cbaa6a2,Ralph Reynolds,kristin85@example.net,36,478299.1,805,SD,Peterstad
ae4d5775-42fa-41b6-b02d-5c4840807bc6,Jessica Whitehead,rcordova@example.net,67,281621.82,458,DK,Port Shannon
6daf966c-7f88-4c43-bfcf-48540dcf56e7,Jordan Rice,ugallagher@example.org,43,145138.6,500,LB,Patriciaview
71174771-c9d2-4ac7-84a7-c54b5eaac7b6,Robert Scott,kaylee57@example.net,18,53315.72,642,CG,Lake Roberta
094575e8-7eda-4aee-8e65-f34a3a7de43a,Lauren White,owallace@example.net,40,326842.31,348,WS,North Juanmouth
94a2fdc4-92e7-4a0d-97e3-5e8f327dcded,Jeffrey Carroll,alan93@example.com,63,145438.95,581,QA,North Daniellefort
8f5c31da-2519-4a3d-ad8f-14ff52a98802,Thomas Mcfarland,ekrause@example.org,31,236786.61,350,WS,Port Manuelton
323b134e-78a1-44be-8318-a206e9cb3208,Ms. Tina Cabrera DDS,jmontoya@example.org,28,428465.68,611,BZ,Stephanieton
fadaf501-f169-46ff-a80e-305cefe55065,Mrs. Amanda Smith MD,robertskaren@example.com,35,301803.21,486,TL,New Tiffany
76235882-6db5-43b1-a87f-d312c9686f9e,Sherri Hall,lunajonathan@example.com,47,127290.49,497,DO,Rossfort
70977ffa-ded7-495e-920d-07190f613b20,Xavier Johnson,cellis@example.com,67,368035.17,563,TN,Lake Jenniferhaven
4bf1d537-a3a0-4f6e-87e7-99208ede64ac,David Woods,kward@example.com,44,325460.75,479,VC,Port Sharon
9d68c31c-1e70-4c40-bfc2-a175ff551c44,Stephanie Sullivan,jeffreyyates@example.com,30,475138.07,411,SG,Baileyfort
9d5e3626-fb6d-4b49-af1d-03905b1f975f,Maria Maldonado,jessicalucas@example.org,18,231545.76,680,PS,Nicholasbury
e3f3aa9b-1864-4c38-8c44-270223ae2887,Samuel Taylor,lbonilla@example.com,22,97397.78,629,CO,North Jordanmouth
166b7068-2fc0-440e-b8aa-7b05577c4117,Melanie Smith,ricardocordova@example.org,35,303351.31,804,FM,Lake Erikmouth
065b9b4e-7033-4dac-a5ec-04a26f72dbe2,Maria Howard,ylewis@example.com,48,303680.54,476,ER,Jodiberg
a35c2764-cce5-4bbe-8364-318a6f97aca5,Mark Jordan,dunnjoseph@example.com,34,411506.96,616,TT,Sosaside
fe72a258-0eaf-4c40-81f9-fbad1a7364a2,Mary Clark,crystal32@example.com,27,406978.18,510,YE,West Autumnburgh
7b3a59fa-cae2-4193-916e-224af57473d0,Joseph Hayes,andreafuller@example.com,41,428492.33,656,IL,Madisonfurt
b76167f4-78b5-4d92-bdb7-25ebb5c9fddb,John Griffin,erica48@example.net,28,431255.54,463,ID,Millerview
95809ee1-42ad-4193-bccd-3cb11e6e7c3d,Garrett Perry,amy95@example.net,67,204946.05,622,AD,East Jerome
eb6a06df-3487-42e1-9f0a-a9b2ab948e2a,Dwayne Mueller,oshepard@example.org,34,247397.77,796,NO,New Victoria
829c1fa4-0fc7-4eed-9e93-616fbf2b7e3b,Mrs. Cynthia Jones,alexander96@example.net,72,203663.92,733,BY,Olsontown
c47cdd70-5b4c-484f-82a2-4451945d7dc5,Amanda Cummings,brittanycunningham@example.org,70,467862.1,590,RS,Georgemouth
97cb98f8-5ba6-458b-923d-3234576a7b90,Ashley Sanchez,davidwebster@example.net,23,173984.49,334,UY,Lake Victorland
facbc862-38c2-4019-85ee-69c568e78252,Edward Miller,ramirezdarrell@example.com,18,288259.51,554,ID,Port Gabriel
289225f5-ac41-4703-bbfe-9ac27eb7cb60,David Hanson,wsmith@example.org,47,440621.96,652,LK,North Jamesshire
4e3510d9-845b-4ead-901b-bab932b95b58,Mary Wolf,ucox@example.net,47,229333.94,723,BI,West Andrewshire
f23ca03a-8624-4ed1-b6c0-3e9859021e50,Nicole Underwood,ellismichael@example.com,60,334856.29,668,UA,South Jasonfurt
e39d3dae-eb00-400e-9348-dbd6bceb7f81,Taylor Hall,rebecca34@example.net,69,279777.04,695,VU,South Kelsey
381b196d-e26e-4d07-91e0-18ad4dc661a2,Richard Grant,melissagutierrez@example.com,71,66559.12,423,BS,East Jeremy
87de6fd9-5414-4d08-b964-1813c2ccf413,Jessica Singleton,devinmoore@example.com,55,206220.95,576,RW,North Sheri
845e97be-574a-4b02-a735-2fa35eefa643,Jessica Lopez,samantha84@example.net,27,307618.17,636,ZM,Vargasside
006b3e6c-6b52-4f3c-aaa6-b455d4e5fa50,Rebecca Murphy,stephenjensen@example.com,41,33836.6,378,GB,Whiteberg
8541db72-b3b5-4e9c-a3dd-e56ea42e7574,Anthony Odonnell,rwhite@example.org,48,44565.1,528,BG,Scotttown
eb8df46a-6e4c-4914-8db5-8ca9c44b1bec,Michael Duran,frykatie@example.com,64,116803.56,608,BF,East Paulton
3f9a9ebe-d9c7-4811-a7d6-7b40c0cbc5bf,Alice Jordan,lporter@example.net,46,240990.37,750,DK,Port Travisberg
8012d9ef-461e-4374-8b8c-22fb38e4de25,Michael Mccoy,victoria78@example.com,56,181875.38,549,NL,Hodgesside
5d8315cf-de68-48fb-9af8-b5c820cd2e9f,Ariana Gonzalez,jmiller@example.net,74,137193.75,433,DE,Port Michaelberg
21e5e4e9-f44d-41a1-8a2e-85cfd9138ab2,Megan Barnes,felicia83@example.com,51,54928.62,549,LC,North Michaeltown
767ace1a-1a4c-4964-9a31-5076d1ee0925,Jessica Clark,donna54@example.org,49,495113.87,451,LR,North Lisashire
c4eeb6d6-a4fb-489f-bdf3-bdf53bef010e,Karen Choi,toni10@example.com,48,64963.39,840,TZ,Wardbury
9d647d17-10c5-4986-95f6-70fe1dcc91e3,James Nunez,thomasnicholas@example.com,48,344102.61,590,EG,Port Katherineton
106db803-376b-49a0-97db-24fddb018bd7,Virginia Simmons,albertmccoy@example.org,24,115051.58,722,NR,South Nicholas
8c307f9c-e115-4c47-a797-e779bd3b50ee,Michelle Watson,yduncan@example.org,58,91104.85,773,MH,Priceburgh
50c43cb5-538e-4701-ac57-f2cc35a21500,Annette Johnson,zimmermanjason@example.org,67,386153.3,777,LI,Mariaburgh
25788d81-0135-46d8-963d-10d8601e088f,Cathy Jackson,abeltran@example.org,54,381384.83,499,AZ,Garzafort
6072e126-7a5f-4f62-8445-3c456794f5ec,Adam Maldonado,wongwesley@example.com,75,402514.42,657,BH,New Stephanie
64169d45-1b20-4391-b397-437f91c3f666,Juan Barrera,scotthampton@example.net,44,289757.34,660,WS,Maryfurt
389499f9-bdab-40da-acf6-e653f6f92956,Andrea Horton,jonesdeanna@example.com,20,205211.24,684,BT,East William
300c2048-202d-461e-aa61-fb593a67c691,Jeremy Bailey,sethbowen@example.net,72,153516.68,532,MK,Derrickview
41a5b927-81ab-4ab4-9f02-212852a3b69e,Amy Estrada,qwarren@example.com,52,156677.97,338,JM,Port Meghanland
61277ca3-4e89-488f-b473-3f1e5bd27fbc,Jennifer Bradley,amy68@example.net,60,28537.27,369,UZ,Jeffreyfurt
395e92b5-c3e9-4646-b302-81b521244571,Tyler Weiss,mjordan@example.net,25,112743.76,587,KM,South Brittany
d33699dd-6974-4418-a6a1-7dbd5728da2b,Cheryl Mason,nicolekim@example.com,21,343061.92,725,NA,New Jasonland
f3959766-9b97-430b-811f-990fd7b234a2,Andrew Parker,gmendoza@example.net,56,69225.08,770,MA,Mendozahaven
82de80ac-6979-4ecf-91f1-b9692edd9fe6,Charles Rowe,pcurry@example.org,58,431679.48,823,TL,Edwardborough
e41ac0f1-8e33-457a-9c7b-b83336fb06ae,Joseph Howell,kirsten40@example.net,72,119229.76,587,GN,South Richard
c7690da4-2fbe-4135-a5ce-79240bf9cff9,Jorge Walker,brad43@example.com,41,238418.46,780,FI,Jacobschester
38db10e6-26b2-451b-956e-f35f89ff8041,Tyler Hernandez,carlos06@example.com,60,105002.9,745,SN,Mcdonaldberg
abcc9d59-5343-49d9-8feb-036686c6696c,Luis Horton,conwaybenjamin@example.net,64,108149.83,517,GH,South Denise
81b425f2-775a-4b6c-bfff-167d07c23f94,Victor Thornton,stephanieyang@example.net,69,300887.1,839,QA,Carolynland
f5aa2351-5b52-4088-9112-b08c17c3e39d,Karen Smith,kmccann@example.com,69,432996.8,330,TH,New Johnburgh
c6d97689-1ef3-43ae-9141-995d16dd6312,Jason Butler,diazrose@example.org,41,47960.27,808,MN,Janeside
2f3c5fbf-9543-485f-816d-95db178a545c,Jacob Peterson,clarkgina@example.net,52,47011.99,444,SM,Lake Brandon
09016419-9f29-46b2-b286-db614a42207a,Jamie Leonard,johnsontrevor@example.net,35,328863.73,577,IE,East Jennifer
e0625d1f-bf62-4cfc-9d5d-be7364f4e99f,John Nichols,patrickcohen@example.com,51,465628.95,452,PS,Smithtown
5d5c8124-f1ef-4fee-ac24-2b2c45be96d8,Nicole Atkins,diazclifford@example.org,55,339758.86,675,BR,West Christopher
ef771c20-57a2-42da-a427-4a2974964202,Patricia Sparks,spacheco@example.org,70,236193.01,497,HN,Johnberg
455a4be2-fbbc-459f-9374-d65cd6cd3b94,Bradley Taylor,richardskelly@example.org,35,347086.75,846,NP,Dominicport
c85fbe09-a46c-4864-bc93-f45fc2ab3d45,Rachel Silva,sullivanbarbara@example.org,37,148965.57,825,PK,Lake Lisaborough
9c144c15-81b4-4c7e-8629-3fb1987e905a,Daniel Clayton,aliciamanning@example.org,61,29893.24,715,CG,North Scott
8fbc5c31-551f-4755-8e82-d4126b5cc054,Christopher Gonzales,randallnewman@example.com,23,139140.6,693,SM,Woodardville
968bec53-e7b0-4c2d-907a-970b59fb0d29,Colleen Marshall,canderson@example.com,54,331852.54,337,IT,Lake Melissabury
6396ebe0-a79f-4e9e-afab-916f97813c88,Patricia Alvarez,nicolediaz@example.net,62,215234.77,795,HT,Romeromouth
2f9aa071-f330-4244-81e5-e8d34f98726e,Calvin Knapp,cknight@example.com,43,329291.23,674,PY,New James
efc795e2-75af-4322-8117-517855ae1b0c,Alex Dunn,mikaylacarter@example.com,65,242581.04,700,TO,Thompsonside
8c570837-fd3b-4dcb-b203-aeee50e169ec,Christopher Gonzales,rayjoseph@example.net,71,180790.38,609,CG,East Toddland
d7149c34-d3e8-4468-ae3a-b59908cfbece,Angel Mcintosh,jbates@example.org,59,193140.92,849,CR,Paulview
73fc6ace-785d-42cb-86f3-bd6b6d62a138,Brianna Maldonado,tiffanyfoster@example.net,33,88364.68,524,LV,Gutierrezfort
523d683e-cb1a-4e79-bdf0-9e9a1d900daf,Sara Cabrera,courtney74@example.com,47,421084.84,373,BF,Ronaldville
84e0d3d8-8962-407f-82f0-aee4248603af,Robert Parker,brentfigueroa@example.org,64,65646.72,647,NA,Aaronton
7d063d68-6b46-43c2-9eea-8d01477a4c12,Jacob Thompson,ttorres@example.com,39,69109.34,425,PT,New Aprilmouth
a81e0c6c-ec4b-41e3-a5f1-2e9a21421925,Anna Lawson,danielskim@example.com,43,307403.94,711,JP,Brownshire
63fda804-0765-4ae9-bced-a7de66c7513c,Henry Kim,dennisnelson@example.com,66,71351.71,455,KP,Tamarastad
3ca81ee2-92c2-4ad8-9bb6-60ece73fa2fb,Melissa Cochran,rlopez@example.com,75,285238.49,371,AE,West Kimberly
88229f1b-9bcb-4544-852e-39c54295c753,Edward White,simonkaren@example.com,25,380240.32,455,PK,Port Drew
65a933a5-d5f5-4eb4-a3d0-40b372529a87,Kelsey Reilly,justincooper@example.org,52,407613.82,377,CF,New Dana
6ce4a432-34aa-4329-9047-ba9d0e765bdf,Jessica Wells,reyescaitlin@example.org,75,39776.78,522,DM,Angieport
e1f1ba16-fa24-4fb5-bb49-1dc20ea1e151,Mark Ramsey,julie15@example.org,53,377483.71,547,LY,Piercefort
afecc6c3-c768-4836-9d3a-aed26e2907d3,Jon Davis,carldaniel@example.com,69,287861.62,767,GA,South Tommy
ed08ded9-c3a7-4635-a971-af1d6b290c76,Jennifer Edwards,amandanichols@example.org,52,368232.51,636,LI,Millermouth
5ea8b4f3-49c3-47a4-80e2-7620ba85523d,Andre Brooks,othomas@example.org,73,143005.57,586,LI,Lyonshaven
a9d2ae55-a438-4694-8e02-ca2624406557,Larry Graham,hvaldez@example.com,72,235765.97,571,BT,West Taylor
2a332512-93e6-4f7a-9304-e27bafffdff9,Jeffrey Gray,markgonzalez@example.com,21,187007.62,492,ZA,Gregorystad
1352c989-ffe0-4ee5-9864-10ef409f33d5,Phillip Thomas,wolfeharold@example.com,70,237430.7,491,GH,West Charles
2c69289c-4101-4df4-9339-924fee76e110,Scott Brown,nreyes@example.org,48,252380.23,626,MZ,North Jenniferview
f57ad03d-2153-42a2-9074-0b143869cc7a,Gloria Taylor,hansenphilip@example.net,31,270236.97,767,DK,Lake April
24ad7d8c-bc55-41b0-8019-8c2cc24f0044,Craig Howard,tjacobs@example.org,62,299331.85,404,PT,North Cynthiaton
8d05b9c6-cfb6-470e-a95a-9eb1a56794e3,Spencer Cohen,jonathan58@example.net,75,41005.08,465,BF,Bowmanside
541dfe88-e721-4a6f-bf65-b42e613e5400,Michael Valdez,bflowers@example.com,29,64860.53,674,TT,South Adamview
dc4eeff3-44f8-43df-bf0a-90a17e42d066,Mr. David Mcclain DVM,gonzalezmark@example.org,74,86498.02,504,CA,East Virginiachester
02bcc34b-d70e-439e-b7e5-46cfc78d9800,Michele Thornton,kwebster@example.org,18,492313.45,605,DK,Wolfville
cde60a3d-041c-4fde-947b-ca3412a19827,James Anderson,padillasamantha@example.org,27,165579.96,429,MX,Port John
0ab3c542-22a5-4d74-b6e1-880065d85615,Anna Johnson,juliesanchez@example.com,72,121252.34,795,MM,Serranomouth
27c22fcc-0105-4213-b86f-5b1cce2e24e6,Heather Moore,terrykaren@example.org,30,448677.52,562,HN,Meganmouth
31fd4916-a6e2-4088-bbe9-a3e1bb05cd9c,Anthony Lee Jr.,rortiz@example.com,24,478123.33,644,TG,North Christopherberg
03e2142e-75ef-4469-8ecc-2ff65fc024aa,Heather Jones,james36@example.net,54,144168.57,500,BY,Torresview
d8cd89d4-4058-439d-9abe-d69c0946c6e1,Jeremy Burke,kelsey71@example.net,22,67236.07,748,CA,West Tammy
1d2aa091-56aa-4531-b80b-809fd8355616,Amber Schmidt,debra15@example.net,72,376018.75,472,ML,North Timothy
2df82100-3e52-44e7-992a-0c91801d6fbd,Kimberly Phillips,qgarcia@example.net,73,279045.1,356,AT,New Lisaville
54b2cf1b-95c6-4cf9-96b5-0d6197438343,Nicole Mccarthy,kingmichele@example.net,63,62459.66,623,NL,New Tina
fe30e334-13da-457f-9bc7-c2c6fce0aa2e,Mark Campbell,jackiegill@example.org,33,335676.76,606,FI,North Brian
76ef1e93-d422-4e8b-80ad-9505e5aff80e,Shelby Rice,wmendez@example.net,47,439652.71,404,KM,Edwardview
bf69b046-f498-4bbf-a07f-e045666fef25,Thomas Reilly,susannicholson@example.org,75,182115.62,590,AD,Bakerhaven
5dc5212b-4f02-440f-b0ee-6c9684c8a9c5,Jessica Howard,reneemorse@example.org,47,152421.99,715,PA,North Kenneth
c2cfd486-cee4-416f-84c8-6cd2f9cc2ea6,Mark Rogers,bruce95@example.com,60,325375.74,475,MZ,East David
986bd7c5-778b-4b65-b54b-2aec48966c7d,Nicole Caldwell,amanda39@example.net,44,357029.59,629,TG,Rebeccashire
954109ad-cdac-4a11-b4dc-ae86fe37f1bf,Jerry Pena,cstewart@example.com,62,62792.36,418,ML,Lake Jennifershire
e6263e37-24bd-498d-9f5f-ac0f69a203f6,Colleen Howard,susan42@example.com,63,466741.07,772,FM,South Joannachester
03b0967d-b9e6-4500-81c4-aebb4ecbc17e,Thomas Weaver,smithcorey@example.com,21,360417.55,448,CR,Port Benjamin
5ba46f34-f56d-4e48-a7cc-f09622d4e071,Paul Villarreal,carrolldeborah@example.org,24,426029.37,465,TR,Jeffreyland
2fdecb88-4ccb-48f6-bca6-1c8336b3d130,Omar Rich MD,doylejessica@example.org,57,489654.24,822,DJ,Foleyside
8eed167d-72f3-465f-b3ad-8beecfe4fe44,Robert Davis,vmays@example.net,22,436206.62,475,GY,East Davidton
0795f6c8-49bb-48ca-ac1b-c8fface48c9a,Angel Higgins,jamesriley@example.net,75,400286.17,327,CG,Bowmanmouth
